timstamp: 1669790251, sender: [ID: 033, PORT: 03101], receiver: [ID: 032, PORT: 03100], message: p2-0
timstamp: 1669790254, sender: [ID: 033, PORT: 03101], receiver: [ID: 032, PORT: 03100], message: p2-1
timstamp: 1669790257, sender: [ID: 033, PORT: 03101], receiver: [ID: 032, PORT: 03100], message: p2-2
timstamp: 1669790260, sender: [ID: 033, PORT: 03101], receiver: [ID: 032, PORT: 03100], message: p2-3
timstamp: 1669790263, sender: [ID: 033, PORT: 03101], receiver: [ID: 032, PORT: 03100], message: p2-4
timstamp: 1669790266, sender: [ID: 033, PORT: 03101], receiver: [ID: 032, PORT: 03100], message: p2-5
timstamp: 1669790269, sender: [ID: 033, PORT: 03101], receiver: [ID: 032, PORT: 03100], message: p2-6
timstamp: 1669790272, sender: [ID: 033, PORT: 03101], receiver: [ID: 032, PORT: 03100], message: p2-7
timstamp: 1669790275, sender: [ID: 033, PORT: 03101], receiver: [ID: 032, PORT: 03100], message: p2-8
timstamp: 1669790553, sender: [ID: 033, PORT: 03101], receiver: [ID: 036, PORT: 03102], message: p33-36-000
timstamp: 1669790555, sender: [ID: 033, PORT: 03101], receiver: [ID: 036, PORT: 03102], message: p33-36-001
timstamp: 1669790557, sender: [ID: 033, PORT: 03101], receiver: [ID: 036, PORT: 03102], message: p33-36-002
timstamp: 1669790559, sender: [ID: 033, PORT: 03101], receiver: [ID: 036, PORT: 03102], message: p33-36-003
timstamp: 1669790561, sender: [ID: 033, PORT: 03101], receiver: [ID: 036, PORT: 03102], message: p33-36-004
timstamp: 1669790563, sender: [ID: 033, PORT: 03101], receiver: [ID: 036, PORT: 03102], message: p33-36-005
timstamp: 1669790565, sender: [ID: 033, PORT: 03101], receiver: [ID: 036, PORT: 03102], message: p33-36-006
timstamp: 1669790567, sender: [ID: 033, PORT: 03101], receiver: [ID: 036, PORT: 03102], message: p33-36-007
timstamp: 1669790569, sender: [ID: 033, PORT: 03101], receiver: [ID: 036, PORT: 03102], message: p33-36-008
timstamp: 1669790571, sender: [ID: 033, PORT: 03101], receiver: [ID: 036, PORT: 03102], message: p33-36-009
timstamp: 1669790573, sender: [ID: 033, PORT: 03101], receiver: [ID: 036, PORT: 03102], message: p33-36-010
timstamp: 1669790575, sender: [ID: 033, PORT: 03101], receiver: [ID: 036, PORT: 03102], message: p33-36-011
timstamp: 1669790577, sender: [ID: 033, PORT: 03101], receiver: [ID: 036, PORT: 03102], message: p33-36-012
timstamp: 1669790579, sender: [ID: 033, PORT: 03101], receiver: [ID: 036, PORT: 03102], message: p33-36-013
